Airline,Time,Price
United,4:19pm,$125
United,4:19pm,$125
Delta,6:49pm,$130
Delta,1:19pm,$150
Alaska,3:55pm,$258
United,4:19pm,$125
United,4:19pm,$125
Delta,6:49pm,$130
Delta,1:19pm,$150
Alaska,3:55pm,$258
Delta,6:49pm,$130
United,4:19pm,$125
Delta,1:19pm,$150
Delta,1:19pm,$209
United,4:19pm,$150
United,4:19pm,$125
United,4:19pm,$125
Delta,6:49pm,$130
Delta,1:19pm,$150
Alaska,3:55pm,$268
United,4:19pm,$125
United,4:19pm,$125
Delta,6:49pm,$130
Delta,1:19pm,$209
Alaska,3:55pm,$268
Delta,6:49pm,$130
United,4:19pm,$125
United,4:19pm,$125
Delta,1:19pm,$179
Delta,1:19pm,$209
